1,The Silent Dawn,Drama,2012
2,Crimson Skies,Action,2015
3,Midnight Sonata,Drama,2008
4,Quantum Heist,Science Fiction,2021
5,Whispering Pines,Horror,1999
6,The Last Cartographer,Action,2018
7,Neon Streets,Action,2010
8,Echos of Yesterday,Drama,2005
9,Paper Lanterns,Comedy,2014
10,Starlight Harbor,Drama,2002
11,Clockwork Drift,Science Fiction,2016
12,Laughing in the Rain,Comedy,2009
13,Redline Rendezvous,Action,2022
14,The Hollow Orchard,Horror,2007
15,After the Applause,Drama,2019
16,Moonbase Masquerade,Science Fiction,2011
17,The Prank Committee,Comedy,2004
18,Nightshift Murmurs,Horror,2013
19,Glass River,Drama,1998
20,Zero-G Getaway,Science Fiction,2024
21,The house,Action,2002
